{
  "avg_response_time": 0.3575112342834473,
  "max_response_time": 0.44923901557922363,
  "min_response_time": 0.24699807167053223,
  "std_response_time": 0.09632479687449481
}