{
  "avg_response_time": 0.5589310646057128,
  "max_response_time": 0.9225170612335205,
  "min_response_time": 0.40918707847595215,
  "std_response_time": 0.2117993873509295
}