{
  "avg_response_time": 6.4849853515625e-06,
  "max_response_time": 2.002716064453125e-05,
  "min_response_time": 2.1457672119140625e-06,
  "std_response_time": 7.676559928314222e-06
}