{
  "avg_response_time": 2.0503997802734374e-06,
  "max_response_time": 5.245208740234375e-06,
  "min_response_time": 9.5367431640625e-07,
  "std_response_time": 1.8282212746315778e-06
}