{
  "avg_response_time": 0.4774658679962158,
  "max_response_time": 0.5440189838409424,
  "min_response_time": 0.40842509269714355,
  "std_response_time": 0.0636338131739093
}