{
  "avg_response_time": 2.1028518676757813e-05,
  "max_response_time": 5.507469177246094e-05,
  "min_response_time": 9.059906005859375e-06,
  "std_response_time": 1.942079948985709e-05
}