{
  "avg_response_time": 2.0074844360351563e-05,
  "max_response_time": 4.9114227294921875e-05,
  "min_response_time": 1.0013580322265625e-05,
  "std_response_time": 1.6509862571243487e-05
}